{
    "Aguadulce": [
        37.2530195,
        -4.9906167
    ],
    "Albacete": [
        38.9950921,
        -1.8559154
    ],
    "Alicante": [
        38.3436365,
        -0.4881708
    ],
    "Algeciras": [
        36.1311725,
        -5.4473991
    ],
    "Almeria": [
        36.8414197,
        -2.4628135
    ],
    "Alcantarilla ": [
        37.9680342,
        -1.214954
    ],
    "Avila": [
        40.656478,
        -4.7002172
    ],
    "Barcelona": [
        41.3828939,
        2.1774322
    ],
    "Bilbao": [
        43.2630018,
        -2.9350039
    ],
    "Badajoz": [
        38.88964355,
        -6.980142450723942
    ],
    "Barakaldo": [
        43.29548,
        -2.9900933
    ],
    "Benidorm": [
        38.5406255,
        -0.1290929
    ],
    "Brunete": [
        40.4050499,
        -3.9979912
    ],
    "Cartagena": [
        37.6019353,
        -0.9841152
    ],
    "Cadiz": [
        NaN,
        NaN
    ],
    "Colmenar Viejo": [
        40.6587726,
        -3.7659722
    ],
    "Castelldefels": [
        41.2861022,
        1.9824173
    ],
    "Castell\u00f3n de la Plana": [
        39.9860347,
        -0.0377354
    ],
    "Sant Cugat del Valles": [
        41.4728432,
        2.0817809
    ],
    "Donosita": [
        NaN,
        NaN
    ],
    "Elche": [
        38.2653307,
        -0.6988391
    ],
    "Fuenlabrada": [
        40.282476,
        -3.7923422
    ],
    "San Fernando": [
        36.4643934,
        -6.198203
    ],
    "Foligno": [
        NaN,
        NaN
    ],
    "Gava": [
        41.3050933,
        2.0063126
    ],
    "Guadalajara": [
        40.7399963,
        -2.505930025884726
    ],
    "Gijon": [
        43.5449422,
        -5.66275
    ],
    "Granada": [
        37.1734995,
        -3.5995337
    ],
    "Girona": [
        41.9793006,
        2.8199439
    ],
    "Getxo": [
        43.3479409,
        -3.0087671
    ],
    "Alcala de Henares": [
        40.4818396,
        -3.3644973
    ],
    "Huelva": [
        37.2575874,
        -6.9484945
    ],
    "Ibiza": [
        38.974390099999994,
        1.4197463178515335
    ],
    "Jaen ": [
        37.9557275,
        -3.492055612037218
    ],
    "A Coru\u00f1a": [
        43.3709703,
        -8.3959425
    ],
    "Le\u00f3n": [
        42.63414505,
        -5.971415104539984
    ],
    "Lleida": [
        41.6147605,
        0.6267842
    ],
    "Las Palmas de Gran Canaria": [
        28.1288694,
        -15.4349015
    ],
    "Madrid": [
        40.4167047,
        -3.7035825
    ],
    "Malaga": [
        36.7213028,
        -4.4216366
    ],
    "Masnou": [
        42.2355446,
        2.2631993
    ],
    "Matar\u00f3": [
        41.5398348,
        2.4448926
    ],
    "Marbella": [
        36.508976,
        -4.88562
    ],
    "Mostoles": [
        40.3238525,
        -3.8649214
    ],
    "Molina de Segura": [
        38.0580379,
        -1.206233
    ],
    "Murcia": [
        37.9923795,
        -1.1305431
    ],
    "Madrid Norte": [
        40.484672599999996,
        -3.6947355654965763
    ],
    "Nueva Andalucia": [
        36.8398593,
        -2.4491161
    ],
    "Cordoba": [
        37.8845813,
        -4.7760138
    ],
    "Ourense": [
        42.1968459,
        -7.6114105
    ],
    "Oviedo": [
        43.3604218,
        -5.8450534
    ],
    "Palma": [
        39.5695818,
        2.6500745
    ],
    "Parla": [
        40.2373952,
        -3.7718902
    ],
    "Pamplona": [
        42.8184538,
        -1.6442556
    ],
    "Pontevedra": [
        42.6075172,
        -8.4714942
    ],
    "Sabadell": [
        41.5421013,
        2.1138977
    ],
    "Rivas": [
        40.3643815,
        -3.5260695
    ],
    "Burgos": [
        42.343926,
        -3.696977
    ],
    "Rota": [
        36.6228636,
        -6.3599595
    ],
    "Roquetas de mar": [
        36.7630203,
        -2.6115886
    ],
    "Sant Boi": [
        41.3484145,
        2.0430676
    ],
    "Santiago de Compostela": [
        42.8804219,
        -8.5458608
    ],
    "Sevilla": [
        37.3886303,
        -5.9953403
    ],
    "Salamanca": [
        40.9651572,
        -5.6640182
    ],
    "Laganes": [
        36.4357604,
        -5.6109461
    ],
    "Santander": [
        43.4620412,
        -3.8099719
    ],
    "Tres Cantos": [
        40.6065826,
        -3.7065333
    ],
    "Tenerife": [
        28.2935785,
        -16.621447121144122
    ],
    "Talavera": [
        41.5823232,
        1.3390948
    ],
    "Torrente": [
        39.436668,
        -0.4656213
    ],
    "Terrassa": [
        41.5629623,
        2.0100492
    ],
    "Valdemoro": [
        40.1888604,
        -3.67143
    ],
    "Valencia": [
        NaN,
        NaN
    ],
    "Vigo": [
        42.2376602,
        -8.7247205
    ],
    "Vitoria": [
        42.8465088,
        -2.6724025
    ],
    "Valladolid": [
        41.6521328,
        -4.728562
    ],
    "Jerez de la Frontera": [
        36.6816936,
        -6.1377402
    ],
    "Xativa": [
        38.9880745,
        -0.5199747
    ],
    "Zaragoza": [
        41.6521342,
        -0.8809428
    ]
}